name,email,member_number,birthday
Dawn Skinner,amullins@yahoo.com,5938,1968-10-14
Christopher Miranda,vincentstephanie@gomez.com,4545,1969-06-20
Ashley Craig MD,brandi36@whitaker.com,3114,1978-02-28
Brooke Cooper,cwilliams@hotmail.com,4269,1995-09-05
Chad Black,davidbeck@hines.org,5340,1982-05-08
Ernest Garcia,arianajenkins@gmail.com,7826,1986-05-09
Alfred Hood,barnesvictoria@yahoo.com,2523,1967-05-17
Jeffrey Lopez,emma07@yahoo.com,1700,1975-04-01
Stephen Tucker,lorivincent@bailey.org,6233,1980-11-12
Sarah Edwards,mlove@gmail.com,9290,1954-04-30
Margaret Young,francismelinda@yahoo.com,8561,2002-09-09
Sean Adams,aphillips@yahoo.com,2751,1964-02-09
Emily Norris,brian14@hotmail.com,6189,1956-11-06
Breanna Lopez,kvilla@allison-mullen.com,5969,1996-04-22
Taylor Daniels,scott33@williams.com,3999,1975-10-24
Katrina Lowery,stephen14@romero.com,9472,1976-08-02
Amanda Livingston,ebradford@gmail.com,9996,1971-06-06
Steven Davis,njohnson@yahoo.com,8412,2003-12-10
Julie Hansen,jennifer98@gmail.com,5584,1987-06-02
Joseph Bass,danielmc@yahoo.com,2310,1981-01-23
